{"cameraMode":{"drawMode":0,"name":"Shaded","section":"Shading Mode"},"sceneLighting":false,"audioPlay":false,"sceneViewState":{"m_AlwaysRefresh":false,"showFog":true,"showSkybox":false,"showFlares":true,"showImageEffects":true,"showParticleSystems":true,"showVisualEffectGraphs":true,"m_FxEnabled":true},"in2DMode":false,"pivot":{"x":-0.48594748973846438,"y":0.6485387086868286,"z":0.6691602468490601},"rotation":{"x":-0.017872357740998269,"y":-0.6670540571212769,"z":-0.016014181077480317,"w":0.7446293830871582},"size":1.0307763814926148,"orthographic":false}