{"cameraMode":{"drawMode":0,"name":"Shaded","section":"Shading Mode"},"sceneLighting":false,"audioPlay":false,"sceneViewState":{"m_AlwaysRefresh":false,"showFog":true,"showSkybox":false,"showFlares":true,"showImageEffects":true,"showParticleSystems":true,"showVisualEffectGraphs":true,"m_FxEnabled":true},"in2DMode":false,"pivot":{"x":-1.0637035369873047,"y":10.468297004699707,"z":1.0156526565551758},"rotation":{"x":0.06645553559064865,"y":-0.9267566800117493,"z":0.19605015218257905,"w":0.31372857093811037},"size":20.19283103942871,"orthographic":false}