{"cameraMode":{"drawMode":0,"name":"Shaded","section":"Shading Mode"},"sceneLighting":false,"audioPlay":false,"sceneViewState":{"m_AlwaysRefresh":false,"showFog":true,"showSkybox":false,"showFlares":true,"showImageEffects":true,"showParticleSystems":true,"showVisualEffectGraphs":true,"m_FxEnabled":true},"in2DMode":false,"pivot":{"x":578.0916748046875,"y":283.6526184082031,"z":-111.14595794677735},"rotation":{"x":-0.06890847533941269,"y":0.03198835998773575,"z":-0.0024755490012466909,"w":-0.9972014427185059},"size":127.86292266845703,"orthographic":false}