{"cameraMode":{"drawMode":0,"name":"Shaded","section":"Shading Mode"},"sceneLighting":false,"audioPlay":false,"sceneViewState":{"m_AlwaysRefresh":false,"showFog":true,"showSkybox":false,"showFlares":true,"showImageEffects":true,"showParticleSystems":true,"showVisualEffectGraphs":true,"m_FxEnabled":true},"in2DMode":false,"pivot":{"x":-0.005520429462194443,"y":0.12129615247249603,"z":0.0028851330280303957},"rotation":{"x":-0.3274396061897278,"y":0.32771939039230349,"z":-0.12216208875179291,"w":-0.8778335452079773},"size":0.20277950167655946,"orthographic":false}