{"cameraMode":{"drawMode":0,"name":"Shaded","section":"Shading Mode"},"sceneLighting":false,"audioPlay":false,"sceneViewState":{"m_AlwaysRefresh":false,"showFog":true,"showSkybox":false,"showFlares":true,"showImageEffects":true,"showParticleSystems":true,"showVisualEffectGraphs":true,"m_FxEnabled":true},"in2DMode":false,"pivot":{"x":1.5337401628494263,"y":1.2082551717758179,"z":0.40048977732658389},"rotation":{"x":-0.0052272300235927109,"y":-0.7169966101646423,"z":-0.005377837922424078,"w":0.6970520615577698},"size":1.3155784606933594,"orthographic":false}