{"cameraMode":{"drawMode":0,"name":"Shaded","section":"Shading Mode"},"sceneLighting":false,"audioPlay":false,"sceneViewState":{"m_AlwaysRefresh":false,"showFog":true,"showSkybox":false,"showFlares":true,"showImageEffects":true,"showParticleSystems":true,"showVisualEffectGraphs":true,"m_FxEnabled":true},"in2DMode":false,"pivot":{"x":-0.02494126558303833,"y":0.3103945851325989,"z":-0.5200586318969727},"rotation":{"x":-0.025399303063750268,"y":0.9735792279243469,"z":-0.18169192969799043,"w":-0.13609284162521363},"size":1.1458475589752198,"orthographic":false}