{"cameraMode":{"drawMode":0,"name":"Shaded","section":"Shading Mode"},"sceneLighting":true,"audioPlay":false,"sceneViewState":{"m_AlwaysRefresh":false,"showFog":true,"showSkybox":true,"showFlares":true,"showImageEffects":true,"showParticleSystems":true,"showVisualEffectGraphs":true,"m_FxEnabled":true},"in2DMode":false,"pivot":{"x":237.5362548828125,"y":570.0479125976563,"z":-286.9642028808594},"rotation":{"x":-0.24499046802520753,"y":-0.0026295040734112264,"z":0.0006989379762671888,"w":-0.9695732593536377},"size":0.8660253882408142,"orthographic":false}