{"cameraMode":{"drawMode":0,"name":"Shaded","section":"Shading Mode"},"sceneLighting":true,"audioPlay":false,"sceneViewState":{"m_AlwaysRefresh":false,"showFog":true,"showSkybox":true,"showFlares":true,"showImageEffects":true,"showParticleSystems":true,"showVisualEffectGraphs":true,"m_FxEnabled":true},"in2DMode":false,"pivot":{"x":3.354635238647461,"y":-5.256589889526367,"z":12.473724365234375},"rotation":{"x":-0.14022056758403779,"y":-0.06619492173194885,"z":0.009405186399817467,"w":-0.987880527973175},"size":28.618497848510743,"orthographic":false}