{"cameraMode":{"drawMode":0,"name":"Shaded","section":"Shading Mode"},"sceneLighting":false,"audioPlay":false,"sceneViewState":{"m_AlwaysRefresh":false,"showFog":true,"showSkybox":false,"showFlares":true,"showImageEffects":true,"showParticleSystems":true,"showVisualEffectGraphs":true,"m_FxEnabled":true},"in2DMode":false,"pivot":{"x":-5.960464477539063e-8,"y":0.3267194628715515,"z":-0.08531665802001953},"rotation":{"x":0.016499193385243417,"y":-0.004499369766563177,"z":0.00007425354124279693,"w":0.9998525977134705},"size":1.0284360647201539,"orthographic":false}