{"cameraMode":{"drawMode":0,"name":"Shaded","section":"Shading Mode"},"sceneLighting":false,"audioPlay":false,"sceneViewState":{"m_AlwaysRefresh":false,"showFog":true,"showSkybox":false,"showFlares":true,"showImageEffects":true,"showParticleSystems":true,"showVisualEffectGraphs":true,"m_FxEnabled":true},"in2DMode":false,"pivot":{"x":0.31313610076904299,"y":1.5000004768371583,"z":-0.3668193817138672},"rotation":{"x":0.17104174196720124,"y":-0.15245042741298676,"z":-0.026791635900735856,"w":-0.9730501174926758},"size":0.9433979988098145,"orthographic":false}