{"cameraMode":{"drawMode":0,"name":"Shaded","section":"Shading Mode"},"sceneLighting":false,"audioPlay":false,"sceneViewState":{"m_AlwaysRefresh":false,"showFog":true,"showSkybox":false,"showFlares":true,"showImageEffects":true,"showParticleSystems":true,"showVisualEffectGraphs":true,"m_FxEnabled":true},"in2DMode":false,"pivot":{"x":-0.33864596486091616,"y":1.0220447778701783,"z":0.44660288095474245},"rotation":{"x":0.00024762461544014513,"y":-0.9992077350616455,"z":-0.00599550548940897,"w":-0.039877571165561679},"size":0.995233952999115,"orthographic":false}