{"cameraMode":{"drawMode":0,"name":"Shaded","section":"Shading Mode"},"sceneLighting":false,"audioPlay":false,"sceneViewState":{"m_AlwaysRefresh":false,"showFog":true,"showSkybox":false,"showFlares":true,"showImageEffects":true,"showParticleSystems":true,"showVisualEffectGraphs":true,"m_FxEnabled":true},"in2DMode":false,"pivot":{"x":-1.0637035369873047,"y":10.468297004699707,"z":1.0156526565551758},"rotation":{"x":0.17133720219135285,"y":-0.006800806149840355,"z":-0.0011823860695585609,"w":-0.985193133354187},"size":20.19283103942871,"orthographic":false}