{"cameraMode":{"drawMode":0,"name":"Shaded","section":"Shading Mode"},"sceneLighting":false,"audioPlay":false,"sceneViewState":{"m_AlwaysRefresh":false,"showFog":true,"showSkybox":false,"showFlares":true,"showImageEffects":true,"showParticleSystems":true,"showVisualEffectGraphs":true,"m_FxEnabled":true},"in2DMode":false,"pivot":{"x":-12.351755142211914,"y":-10.917259216308594,"z":-16.644495010375978},"rotation":{"x":0.06645553559064865,"y":-0.9267566800117493,"z":0.19605015218257905,"w":0.31372857093811037},"size":18.53498077392578,"orthographic":false}