{"cameraMode":{"drawMode":0,"name":"Shaded","section":"Shading Mode"},"sceneLighting":true,"audioPlay":false,"sceneViewState":{"m_AlwaysRefresh":false,"showFog":true,"showSkybox":true,"showFlares":true,"showImageEffects":true,"showParticleSystems":true,"showVisualEffectGraphs":true,"m_FxEnabled":true},"in2DMode":false,"pivot":{"x":0.06585359573364258,"y":10.168468475341797,"z":1.7234773635864258},"rotation":{"x":-0.02002035081386566,"y":0.9776912331581116,"z":-0.17822220921516419,"w":-0.10984602570533753},"size":9.40046215057373,"orthographic":false}