{"cameraMode":{"drawMode":0,"name":"Shaded","section":"Shading Mode"},"sceneLighting":true,"audioPlay":false,"sceneViewState":{"m_AlwaysRefresh":false,"showFog":true,"showSkybox":true,"showFlares":true,"showImageEffects":true,"showParticleSystems":true,"showVisualEffectGraphs":true,"m_FxEnabled":true},"in2DMode":false,"pivot":{"x":-1.6248350143432618,"y":-4.639678001403809,"z":21.345609664916993},"rotation":{"x":0.29482847452163699,"y":-0.20015846192836762,"z":0.06334191560745239,"w":0.9322530031204224},"size":10.39381217956543,"orthographic":false}