{"cameraMode":{"drawMode":0,"name":"Shaded","section":"Shading Mode"},"sceneLighting":true,"audioPlay":false,"sceneViewState":{"m_AlwaysRefresh":false,"showFog":true,"showSkybox":true,"showFlares":true,"showImageEffects":true,"showParticleSystems":true,"showVisualEffectGraphs":true,"m_FxEnabled":true},"in2DMode":false,"pivot":{"x":1214.3004150390625,"y":112.61231994628906,"z":-1268.9556884765625},"rotation":{"x":0.051286157220602038,"y":-0.008992472663521767,"z":0.00046037111314944923,"w":0.9986737370491028},"size":6.2950921058654789,"orthographic":false}