{"cameraMode":{"drawMode":0,"name":"Shaded","section":"Shading Mode"},"sceneLighting":false,"audioPlay":false,"sceneViewState":{"m_AlwaysRefresh":false,"showFog":true,"showSkybox":false,"showFlares":true,"showImageEffects":true,"showParticleSystems":true,"showVisualEffectGraphs":true,"m_FxEnabled":true},"in2DMode":false,"pivot":{"x":-0.1521972119808197,"y":0.9744954109191895,"z":1.957403540611267},"rotation":{"x":-0.007789172697812319,"y":0.9894793033599854,"z":-0.05825742334127426,"w":-0.13226623833179475},"size":0.6149798631668091,"orthographic":false}