{"cameraMode":{"drawMode":0,"name":"Shaded","section":"Shading Mode"},"sceneLighting":true,"audioPlay":false,"sceneViewState":{"m_AlwaysRefresh":false,"showFog":true,"showSkybox":false,"showFlares":true,"showImageEffects":true,"showParticleSystems":true,"showVisualEffectGraphs":true,"m_FxEnabled":true},"in2DMode":false,"pivot":{"x":232.08021545410157,"y":1.3980193138122559,"z":207.29022216796876},"rotation":{"x":-0.07130962610244751,"y":0.13305094838142396,"z":-0.00950204860419035,"w":-0.9885536432266235},"size":20.66413116455078,"orthographic":false}