{"cameraMode":{"drawMode":0,"name":"Shaded","section":"Shading Mode"},"sceneLighting":false,"audioPlay":false,"sceneViewState":{"m_AlwaysRefresh":false,"showFog":true,"showSkybox":false,"showFlares":true,"showImageEffects":true,"showParticleSystems":true,"showVisualEffectGraphs":true,"m_FxEnabled":true},"in2DMode":false,"pivot":{"x":2.142835855484009,"y":0.2977405786514282,"z":-16.788663864135743},"rotation":{"x":-0.0003394251980353147,"y":-0.999021053314209,"z":0.007802025880664587,"w":-0.04469586908817291},"size":9.436779975891114,"orthographic":false}