{"cameraMode":{"drawMode":0,"name":"Shaded","section":"Shading Mode"},"sceneLighting":false,"audioPlay":false,"sceneViewState":{"m_AlwaysRefresh":false,"showFog":true,"showSkybox":false,"showFlares":true,"showImageEffects":true,"showParticleSystems":true,"showVisualEffectGraphs":true,"m_FxEnabled":true},"in2DMode":false,"pivot":{"x":227.87008666992188,"y":324.1334533691406,"z":-3.1852569580078127},"rotation":{"x":0.05725370720028877,"y":-0.029951583594083787,"z":0.0017157202819362283,"w":0.9979361891746521},"size":69.90180969238281,"orthographic":false}