{"cameraMode":{"drawMode":0,"name":"Shaded","section":"Shading Mode"},"sceneLighting":false,"audioPlay":false,"sceneViewState":{"m_AlwaysRefresh":false,"showFog":true,"showSkybox":false,"showFlares":true,"showImageEffects":true,"showParticleSystems":true,"showVisualEffectGraphs":true,"m_FxEnabled":true},"in2DMode":false,"pivot":{"x":-0.02994990348815918,"y":6.816926002502441,"z":-0.060631513595581058},"rotation":{"x":0.06645553559064865,"y":-0.9267566800117493,"z":0.19605015218257905,"w":0.31372857093811037},"size":8.652270317077637,"orthographic":false}