{"cameraMode":{"drawMode":0,"name":"Shaded","section":"Shading Mode"},"sceneLighting":false,"audioPlay":false,"sceneViewState":{"m_AlwaysRefresh":false,"showFog":true,"showSkybox":false,"showFlares":true,"showImageEffects":true,"showParticleSystems":true,"showVisualEffectGraphs":true,"m_FxEnabled":true},"in2DMode":false,"pivot":{"x":-0.15162691473960877,"y":0.5822925567626953,"z":0.2832939028739929},"rotation":{"x":-0.005032144952565432,"y":0.9950635433197022,"z":-0.06876350939273834,"w":-0.0720958411693573},"size":0.503198504447937,"orthographic":false}